{"cameraMode":{"drawMode":0,"name":"Shaded","section":"Shading Mode"},"sceneLighting":true,"audioPlay":false,"sceneViewState":{"m_AlwaysRefresh":false,"showFog":true,"showSkybox":true,"showFlares":true,"showImageEffects":true,"showParticleSystems":true,"showVisualEffectGraphs":true,"m_FxEnabled":true},"in2DMode":false,"pivot":{"x":-0.03758060932159424,"y":1.0687166452407838,"z":-0.025822877883911134},"rotation":{"x":-0.1238914355635643,"y":0.17965012788772584,"z":-0.02281290292739868,"w":-0.9756326675415039},"size":1.2751295566558838,"orthographic":false}