{"cameraMode":{"drawMode":0,"name":"Shaded","section":"Shading Mode"},"sceneLighting":false,"audioPlay":false,"sceneViewState":{"m_AlwaysRefresh":false,"showFog":false,"showSkybox":false,"showFlares":false,"showImageEffects":false,"showParticleSystems":false,"showVisualEffectGraphs":true,"m_FxEnabled":true},"in2DMode":false,"pivot":{"x":0.07994494587182999,"y":1.5082426071166993,"z":0.09176278114318848},"rotation":{"x":-0.00004727594932774082,"y":0.9999359846115112,"z":-0.010499728843569756,"w":-0.004499734379351139},"size":0.9262306094169617,"orthographic":false}