{"cameraMode":{"drawMode":0,"name":"Shaded","section":"Shading Mode"},"sceneLighting":false,"audioPlay":false,"sceneViewState":{"m_AlwaysRefresh":false,"showFog":false,"showSkybox":false,"showFlares":false,"showImageEffects":false,"showParticleSystems":false,"showVisualEffectGraphs":true,"m_FxEnabled":true},"in2DMode":false,"pivot":{"x":-0.0000028291856324358379,"y":1.2965078353881837,"z":-0.013417704962193966},"rotation":{"x":0.005596117582172155,"y":0.98739093542099,"z":-0.15409064292907716,"w":0.03585899993777275},"size":1.3800245523452759,"orthographic":false}