{"cameraMode":{"drawMode":0,"name":"Shaded","section":"Shading Mode"},"sceneLighting":false,"audioPlay":false,"sceneViewState":{"m_AlwaysRefresh":false,"showFog":false,"showSkybox":false,"showFlares":false,"showImageEffects":false,"showParticleSystems":false,"showVisualEffectGraphs":true,"m_FxEnabled":true},"in2DMode":false,"pivot":{"x":0.009942000731825829,"y":0.9840413331985474,"z":-0.12036281824111939},"rotation":{"x":0.0005103937000967562,"y":0.9994823336601257,"z":-0.02580222301185131,"w":0.01979321613907814},"size":0.6012735962867737,"orthographic":false}